epoch,train_loss,train_loc_loss,train_cls_loss,val_loss,val_loc_loss,val_cls_loss,mAP50,mAP95,precision_avg,recall_avg,mAP95_bus,precision_bus,recall_bus,mAP95_car,precision_car,recall_car,mAP95_motorbike,precision_motorbike,recall_motorbike,mAP95_truck,precision_truck,recall_truck,learning_rate
1,0.6961914300918579,0.3022868037223816,0.22279925644397736,0.2918919831959169,0.16686279204354357,0.10166478246005613,0.6146804690361023,0.30857017636299133,0.23400467600479255,0.31641099545748275,0.2428162693977356,0.4087267816066742,0.34809571504592896,0.2346418797969818,0.4477575123310089,0.5266626477241516,0.46002912521362305,0.4375881254673004,0.6961167454719543,0.6095027923583984,0.5515168309211731,0.6741515398025513,0.0001
2,0.5337258577346802,0.3136676251888275,0.1808771789073944,0.25039831048517086,0.14868897277472623,0.08477654752891454,0.7415667772293091,0.4256744384765625,0.2850186259340015,0.34008373992931173,0.4088856279850006,0.5124956965446472,0.42121586203575134,0.3601006269454956,0.6128969788551331,0.5865122079849243,0.512368381023407,0.5683714151382446,0.7776908874511719,0.6377492547035217,0.5826815366744995,0.722548246383667,0.0001
3,0.47018277645111084,0.28309983015060425,0.15688398480415344,0.22771544910188932,0.13648820690699479,0.07697285378157202,0.7897155284881592,0.48432156443595886,0.30353749465772395,0.3487684409543977,0.48004862666130066,0.5580055713653564,0.4624518156051636,0.43678018450737,0.6705194711685181,0.604358434677124,0.5351048707962036,0.6183172464370728,0.7948918342590332,0.6477025747299194,0.5979571342468262,0.7495959997177124,0.0001
4,0.4348802864551544,0.2653883695602417,0.14378893375396729,0.21511178497058242,0.13085203384285543,0.07169147180532341,0.8232474327087402,0.5213345885276794,0.316883935498347,0.3524832217939956,0.5239481329917908,0.5853836536407471,0.4924275279045105,0.48357897996902466,0.7047421932220459,0.6164867281913757,0.551531195640564,0.662311315536499,0.8021892309188843,0.6532144546508789,0.6037238240242004,0.7607383131980896,0.0001
5,0.411918580532074,0.25382286310195923,0.13489669561386108,0.20415297684384814,0.12409670328471198,0.06846065018604051,0.8361993432044983,0.5405210852622986,0.3222994425666199,0.3549704838674152,0.5318001508712769,0.61309814453125,0.5057211518287659,0.5114649534225464,0.7198381423950195,0.6229203939437866,0.5607957243919373,0.6748412847518921,0.8075319528579712,0.656952977180481,0.6121591329574585,0.7631198167800903,0.0001
6,0.391776442527771,0.24324551224708557,0.12725615501403809,0.2001270004617634,0.12343840089751713,0.06578474997806905,0.845371663570404,0.5465203523635864,0.3254314377273628,0.3573439192468015,0.5324174761772156,0.6092804670333862,0.5170549750328064,0.5273284912109375,0.7266870141029358,0.6223002076148987,0.5647162795066833,0.6897479891777039,0.8143080472946167,0.6538375616073608,0.6120057702064514,0.7785999774932861,0.0001
7,0.37680327892303467,0.23505139350891113,0.12182991206645966,0.19367969925723857,0.11897515839160379,0.06424097550004276,0.8528122901916504,0.5682902336120605,0.3286764902134034,0.3594874389581625,0.560386061668396,0.6368952989578247,0.5364689230918884,0.5394105315208435,0.7349256277084351,0.6314342021942139,0.5697654485702515,0.6932865977287292,0.8174355030059814,0.6602760553359985,0.6170362830162048,0.7811516523361206,0.0001
8,0.3653094172477722,0.2286117672920227,0.11795496940612793,0.19087506563805823,0.11867054551839828,0.06211694035289893,0.8607328534126282,0.5760908722877502,0.3316290275057576,0.36078995730267777,0.5640152096748352,0.6395018100738525,0.5386008620262146,0.5622456669807434,0.737014889717102,0.6382672190666199,0.5744377374649048,0.703312337398529,0.818738579750061,0.6628802418708801,0.6195515394210815,0.7851492762565613,0.0001
9,0.35463637113571167,0.2228146493434906,0.11398196220397949,0.18749837377178136,0.11564690430662525,0.0621345462416535,0.8655232191085815,0.5835084319114685,0.33380033208404836,0.3615487153540995,0.573590874671936,0.6501432061195374,0.5478328466415405,0.5624668598175049,0.7450435757637024,0.6378443241119385,0.5815076231956482,0.7060071229934692,0.8227782249450684,0.6637269854545593,0.6213306188583374,0.7845538854598999,0.0001
10,0.3475174903869629,0.21877291798591614,0.11142593622207642,0.1806462618397243,0.111706027566497,0.05951386528895862,0.8684250712394714,0.5895207524299622,0.33482103303656724,0.362401672774828,0.5664308667182922,0.6592017412185669,0.5577999949455261,0.5746503472328186,0.7486352920532227,0.6382095217704773,0.5823264718055725,0.7093969583511353,0.824211597442627,0.6632636785507202,0.6203797459602356,0.7913583517074585,0.0001
11,0.33842480182647705,0.2137412428855896,0.10821174085140228,0.17952610485589326,0.11135077176254186,0.05900310102238584,0.8741539716720581,0.6023170351982117,0.3371188952625323,0.3624809646743652,0.6016005277633667,0.6669525504112244,0.5623776316642761,0.5783373713493347,0.760697603225708,0.6391658782958984,0.5844593048095703,0.7126283049583435,0.8277300000190735,0.6630080342292786,0.6212385892868042,0.7878710627555847,0.0001
12,0.33226582407951355,0.21031233668327332,0.10603009909391403,0.17660404119028975,0.10952731132952136,0.057926600548758436,0.87858647108078,0.6081212759017944,0.3382335408123761,0.36241521599667204,0.603503942489624,0.675093948841095,0.5663408041000366,0.5875464677810669,0.7621157765388489,0.6432719230651855,0.58380526304245,0.7166754007339478,0.8266875147819519,0.6665867567062378,0.6249808073043823,0.7810665965080261,0.0001
13,0.3259717524051666,0.20716479420661926,0.10343888401985168,0.17648773518071245,0.1099070222742522,0.05785173945017715,0.8812825679779053,0.6104311943054199,0.33993912491712136,0.3625643747868563,0.6032552123069763,0.675083339214325,0.5665880441665649,0.5967980623245239,0.7637490034103394,0.6432138681411743,0.587890088558197,0.7246600389480591,0.8251237869262695,0.6647814512252808,0.6249501705169678,0.7856596112251282,0.0001
14,0.31950128078460693,0.2032618224620819,0.10132342576980591,0.17197163580958522,0.10700519850004965,0.056418973340916986,0.8813485503196716,0.611739993095398,0.33941260377711746,0.3630827487433556,0.6024231314659119,0.680720865726471,0.5729959607124329,0.5908199548721313,0.7640227675437927,0.6430000066757202,0.588836133480072,0.7194418907165527,0.8299452662467957,0.6654524803161621,0.6240299344062805,0.7852343320846558,0.0001
15,0.3145909011363983,0.2006792575120926,0.09952813386917114,0.17112459575951988,0.1061089651575729,0.05648623195601933,0.8822875022888184,0.6162662506103516,0.3401457330112228,0.3632274787195425,0.6111518740653992,0.6879485845565796,0.5750510692596436,0.5909133553504944,0.7680200338363647,0.6466724872589111,0.5907014012336731,0.7157719135284424,0.8283815383911133,0.6679607629776001,0.6253489255905151,0.7841286063194275,0.0001
16,0.30947941541671753,0.19795933365821838,0.09737254679203033,0.17202368222955447,0.10696566883307784,0.056434429737169355,0.885626494884491,0.6202155947685242,0.34129696333251325,0.3622717428781289,0.6074028611183167,0.6913474798202515,0.5824781656265259,0.5996339321136475,0.768834114074707,0.6449461579322815,0.5918353199958801,0.724760115146637,0.8268178105354309,0.6660755276679993,0.6242139935493469,0.7810665965080261,0.0001
17,0.3044356405735016,0.19479545950889587,0.09604226052761078,0.1693636721639491,0.10616893721605415,0.054779764320423356,0.8889366388320923,0.622677206993103,0.3426531959597464,0.36428034086744254,0.6201276779174805,0.6882643103599548,0.5647100210189819,0.6176068782806396,0.7703197598457336,0.6477431058883667,0.5948328971862793,0.7283297777175903,0.8294240236282349,0.6673057079315186,0.6288763880729675,0.7886365652084351,0.0001
18,0.3016256093978882,0.19340059161186218,0.09484711289405823,0.1658586241416077,0.1034379887269504,0.054232109671653206,0.88974529504776,0.6269901394844055,0.34311020178173485,0.3632361151672869,0.6167314052581787,0.692863404750824,0.5900928974151611,0.6082727909088135,0.7705115079879761,0.6489201188087463,0.5950738787651062,0.7303760647773743,0.8244722485542297,0.6680406332015991,0.6270359754562378,0.786340057849884,0.0001
19,0.29656052589416504,0.1904163807630539,0.09309947490692139,0.16600726567097565,0.1034691209223733,0.05455185906655753,0.8885761499404907,0.6311992406845093,0.3427909193986998,0.3641557142913646,0.6222743391990662,0.699586033821106,0.5910179615020752,0.6119185090065002,0.7695777416229248,0.6488397717475891,0.5958819389343262,0.7280279397964478,0.8275997042655945,0.6683282256126404,0.628170907497406,0.789146900177002,0.0001
20,0.2922637462615967,0.18807634711265564,0.09142401814460754,0.16487452543493528,0.10278946772884967,0.05411700965530837,0.889260470867157,0.6332046389579773,0.34281626251794073,0.36410959469697757,0.6249123811721802,0.7011880278587341,0.5942246317863464,0.6124933958053589,0.7695985436439514,0.6486020684242249,0.5952092409133911,0.7291203141212463,0.8260359764099121,0.6689513325691223,0.6282322406768799,0.7896572351455688,0.0001
21,0.2886655628681183,0.18590128421783447,0.0902724489569664,0.16485711887701235,0.10224758166430602,0.05465633516658598,0.8945693969726562,0.6396202445030212,0.34489622878561765,0.36438845390918567,0.6345019340515137,0.7011528611183167,0.5947569012641907,0.628069281578064,0.7781171202659607,0.6490042209625244,0.5951998233795166,0.7368485927581787,0.8299452662467957,0.667353630065918,0.6267905831336975,0.7910181283950806,0.0001
22,0.2851322889328003,0.18396717309951782,0.08893835544586182,0.16411343394820369,0.10211356462382559,0.05402412187697282,0.8922621607780457,0.6352739930152893,0.34389510399058787,0.3649163987005555,0.6271413564682007,0.7021918296813965,0.5901172757148743,0.6216453909873962,0.7719184756278992,0.6493366360664368,0.595495879650116,0.7344098687171936,0.8305968046188354,0.6687755584716797,0.6267292499542236,0.7932295799255371,0.0001
23,0.2819846570491791,0.1823004186153412,0.08766227960586548,0.16280999212567485,0.1017159507123392,0.053184700657182664,0.8941754102706909,0.6384466886520386,0.3448794792314394,0.36475400557857107,0.6356476545333862,0.7015938758850098,0.5970588326454163,0.6194864511489868,0.7803422212600708,0.6501295566558838,0.5979174971580505,0.7306466102600098,0.8325514793395996,0.6697021722793579,0.6291831731796265,0.7865952253341675,0.0001
24,0.27860772609710693,0.18051740527153015,0.08632487058639526,0.16104747766434258,0.10023066023392464,0.052862492237073275,0.8961912393569946,0.643336296081543,0.3452682100273125,0.3647652221753246,0.6375176906585693,0.7069932818412781,0.5975303649902344,0.6313038468360901,0.7783648371696472,0.6506649851799011,0.5982704162597656,0.7348453998565674,0.8290330767631531,0.669063150882721,0.6298579573631287,0.7901675701141357,0.0001
25,0.27549147605895996,0.1786811649799347,0.08531130850315094,0.16122793406248093,0.10008477808824226,0.053400727405921736,0.8938712477684021,0.641306459903717,0.3445847264969785,0.3643358066573319,0.6378943920135498,0.7102152705192566,0.5927277207374573,0.6243883371353149,0.7786550521850586,0.6506483554840088,0.596747100353241,0.7306272983551025,0.8309877514839172,0.6689673066139221,0.6258397102355957,0.7888917326927185,0.0001
26,0.2734624147415161,0.17738768458366394,0.08485282957553864,0.15897379771097384,0.09855175641045641,0.052708167916358406,0.8958942294120789,0.6443426609039307,0.34540866653819363,0.36460851802233274,0.6363915801048279,0.7132694125175476,0.5984334349632263,0.6292762756347656,0.7795742750167847,0.6507964730262756,0.5976602435112,0.735238254070282,0.831639289855957,0.6693347096443176,0.629213809967041,0.786680281162262,0.0001
27,0.2700411081314087,0.17567497491836548,0.08325126767158508,0.16162858981249936,0.10008062844845786,0.05387195761301624,0.896609902381897,0.6416158080101013,0.3453945646918085,0.3650406641348138,0.632854700088501,0.7078951597213745,0.5962381958961487,0.6294752359390259,0.7784463167190552,0.6501740217208862,0.5987870097160339,0.7357491850852966,0.8290330767631531,0.6676092743873596,0.6298579573631287,0.7938249707221985,0.0001
28,0.26787418127059937,0.17441366612911224,0.08256597816944122,0.16161031487272748,0.10014978151268034,0.05388253115451158,0.8959228992462158,0.6450527310371399,0.3452956874377967,0.3636487227558487,0.6405739784240723,0.7111610770225525,0.5941351652145386,0.6343407034873962,0.7771347761154175,0.6512141227722168,0.5989559888839722,0.7350605726242065,0.8266875147819519,0.6676092743873596,0.6287230253219604,0.7861699461936951,0.0001
29,0.26524031162261963,0.1728067249059677,0.08164815604686737,0.16026850500658377,0.09880506592010384,0.05365769414981799,0.8982168436050415,0.6487764120101929,0.34619335584714966,0.36475230009114107,0.6422321796417236,0.7141019701957703,0.6013271808624268,0.6374443173408508,0.781991183757782,0.6516042947769165,0.5977851152420044,0.7381662726402283,0.8309877514839172,0.6690950989723206,0.627342700958252,0.7905928492546082,0.0001
30,0.26274579763412476,0.17141278088092804,0.08070264756679535,0.16036274295244643,0.09935252746539329,0.05347486463055682,0.894925594329834,0.6454867720603943,0.3451307950570943,0.36348114966669465,0.6368357539176941,0.7163534164428711,0.6027652025222778,0.6259927749633789,0.780971884727478,0.6510050892829895,0.5971683263778687,0.7319010496139526,0.8273390531539917,0.6679288148880005,0.6259010434150696,0.786680281162262,0.0001
31,0.260855108499527,0.17034131288528442,0.08006565272808075,0.1622980924239799,0.1007858479200904,0.05387604620252082,0.895999014377594,0.6431003212928772,0.3454970387404316,0.36422268324342605,0.6437077522277832,0.712467610836029,0.5918704271316528,0.6243553757667542,0.7816379070281982,0.6508127450942993,0.5975763201713562,0.7339493036270142,0.8277300000190735,0.669366717338562,0.6280482411384583,0.7886365652084351,0.0001
32,0.2577359676361084,0.16861413419246674,0.07889871299266815,0.15956015251020886,0.09879044298805408,0.053202688082385416,0.897100031375885,0.6479318737983704,0.3459332325182711,0.3651330203647305,0.6376454830169678,0.7150335311889648,0.6004780530929565,0.6385705471038818,0.7757781147956848,0.6509362459182739,0.5989829301834106,0.7417685985565186,0.8305968046188354,0.6695743799209595,0.6278334856033325,0.7930594682693481,1e-05
33,0.26070839166641235,0.17098596692085266,0.07952237129211426,0.15662691230649378,0.09674738147365514,0.052375702604429045,0.8972437381744385,0.6401809453964233,0.3457747266057376,0.3646819313229348,0.6317447423934937,0.7048104405403137,0.590499222278595,0.6336694359779358,0.7778897285461426,0.6513315439224243,0.5977209806442261,0.7392555475234985,0.8295543193817139,0.6680246591567993,0.6282629370689392,0.7916135191917419,1e-05
34,0.26064178347587585,0.17082777619361877,0.07966677844524384,0.15614744286928603,0.09635713841043302,0.05221188457599327,0.8942493200302124,0.6434722542762756,0.34457419892273167,0.36470002338067087,0.6331732273101807,0.7090402841567993,0.6015421748161316,0.6301332712173462,0.773263156414032,0.6507028341293335,0.5972667932510376,0.7353608012199402,0.8283815383911133,0.6686158180236816,0.6292445063591003,0.7913583517074585,1e-05
35,0.2590430676937103,0.16979184746742249,0.07911194115877151,0.15587941668371655,0.09615617701366766,0.05215566549728166,0.8948771357536316,0.6416288018226624,0.3452894594542448,0.3640191966986497,0.6261427998542786,0.7109982967376709,0.5987498760223389,0.6306241750717163,0.7763416767120361,0.6487296223640442,0.5985967516899109,0.7386476397514343,0.8262965679168701,0.666874349117279,0.6288150548934937,0.7901675701141357,1e-05
36,0.2581501007080078,0.16941753029823303,0.07869037985801697,0.1558333172726987,0.09606804665344865,0.052138453655278506,0.8978807330131531,0.6427109837532043,0.3461483495346382,0.36466372614854947,0.6339208483695984,0.7140452861785889,0.5908955335617065,0.6319822072982788,0.7777195572853088,0.650928795337677,0.5987911224365234,0.7417473196983337,0.8295543193817139,0.6675933003425598,0.6301647424697876,0.7899974584579468,1e-05
37,0.2569655776023865,0.16888514161109924,0.07818973064422607,0.15571009801394903,0.09595484909281801,0.052153835323319506,0.8972560167312622,0.6418631076812744,0.34604377439146794,0.3643329322740161,0.6338537931442261,0.7124671339988708,0.5933752059936523,0.6277563571929932,0.7788170576095581,0.650873601436615,0.597626268863678,0.7410333156585693,0.8290330767631531,0.6680406332015991,0.6280175447463989,0.7895721793174744,1e-05
38,0.2543237805366516,0.1671702265739441,0.07737009227275848,0.15528296245567835,0.09583603479524157,0.051887500530748226,0.8963561058044434,0.6425271034240723,0.34581586063801195,0.36473257163974493,0.6340478658676147,0.7062428593635559,0.5990762114524841,0.630741536617279,0.777994692325592,0.6507705450057983,0.5978333950042725,0.7399282455444336,0.8295543193817139,0.6691589951515198,0.6276187896728516,0.7915284633636475,1e-05
39,0.25405779480934143,0.16698116064071655,0.07733125984668732,0.15546893662036354,0.09580790807506931,0.05221547731267872,0.8950458765029907,0.6411706209182739,0.34489528866162533,0.3639201981172913,0.6278623938560486,0.7140917181968689,0.5937392711639404,0.6289891004562378,0.776129961013794,0.6514723300933838,0.5975606441497803,0.7339994311332703,0.8292937278747559,0.6684240698814392,0.626453161239624,0.7871906161308289,1e-05
40,0.25333690643310547,0.16663286089897156,0.07690468430519104,0.15554057595445148,0.09586232355726299,0.05214350681696365,0.8957979679107666,0.6439383029937744,0.34524260350399305,0.36390684239153154,0.629295289516449,0.7133978605270386,0.5988736152648926,0.6341865062713623,0.7752777338027954,0.6512552499771118,0.5974344611167908,0.7379733920097351,0.8243419528007507,0.6686956882476807,0.6288150548934937,0.7894020676612854,1e-05
41,0.25188297033309937,0.16575276851654053,0.07662258297204971,0.15548840832354419,0.095681882727502,0.05221678755843817,0.8935014009475708,0.6399379968643188,0.3450664389982822,0.3632713073708335,0.6268380880355835,0.712779700756073,0.5911755561828613,0.6289585828781128,0.7756761908531189,0.6494216918945312,0.5981974601745605,0.7372362017631531,0.8260359764099121,0.667497456073761,0.6266372203826904,0.7859998345375061,1e-05
42,0.25122538208961487,0.1653909683227539,0.0762714147567749,0.1555010361680344,0.09578836775982558,0.05222237777354112,0.8932519555091858,0.6409172415733337,0.34471567653656965,0.3634441705607168,0.625714123249054,0.7135542035102844,0.5974071621894836,0.6269934177398682,0.7752625346183777,0.6491698026657104,0.5971308946609497,0.7361621856689453,0.8256450295448303,0.6674335598945618,0.6269439458847046,0.7875308394432068,1e-05
43,0.2498333603143692,0.1648368537425995,0.07547950744628906,0.15502061961746927,0.09555064264073301,0.05196076414700764,0.8929446339607239,0.6377702355384827,0.3446122780353073,0.36377929864211833,0.6164133548736572,0.7078676223754883,0.5938497185707092,0.6329501867294312,0.7697961330413818,0.6499912142753601,0.5950497984886169,0.7420610189437866,0.8257753252983093,0.6677210927009583,0.6253795623779297,0.7913583517074585,1e-05
44,0.24888327717781067,0.16418948769569397,0.07521943747997284,0.15511312547014722,0.09562205289726827,0.051902385901159316,0.8914933800697327,0.6327786445617676,0.3440442313105759,0.3627916874616054,0.6240578293800354,0.7000353336334229,0.5827861428260803,0.6242353320121765,0.7750963568687439,0.6495720744132996,0.5947098731994629,0.7329756021499634,0.8256450295448303,0.6673376560211182,0.6229256987571716,0.7864251136779785,1e-05
45,0.24815359711647034,0.16379913687705994,0.07493038475513458,0.15506374246593732,0.09560904095866787,0.05202429964026408,0.8922369480133057,0.6373430490493774,0.34431545229918264,0.3633600994618894,0.6237043142318726,0.7097023129463196,0.5919778943061829,0.6239877939224243,0.7740603089332581,0.6497370600700378,0.596081554889679,0.7346446514129639,0.8259056806564331,0.6675613522529602,0.6252875924110413,0.7881262302398682,1e-05
46,0.246465265750885,0.16300168633460999,0.07426147907972336,0.15519997644335476,0.09546131607311875,0.05210798989925811,0.8923502564430237,0.6377255320549011,0.3444199763829656,0.3631196905685719,0.627364456653595,0.708591103553772,0.5872514247894287,0.6276950240135193,0.7769632339477539,0.6497119069099426,0.5939826965332031,0.7347019910812378,0.8273390531539917,0.6673376560211182,0.6236004829406738,0.786680281162262,1e-05
47,0.24571016430854797,0.16237807273864746,0.07422155141830444,0.15496905003465825,0.09542214737009647,0.0519597153943866,0.8942922353744507,0.6376570463180542,0.3451753188057297,0.36354944559963986,0.6256124973297119,0.7105211019515991,0.5886096954345703,0.6258847713470459,0.7757061123847961,0.6512535810470581,0.5962327122688293,0.7382100820541382,0.8261662721633911,0.6687276363372803,0.6249501705169678,0.7885515093803406,1e-05
48,0.24538283050060272,0.16214247047901154,0.07411687076091766,0.15485846929585756,0.09550120136631068,0.05179349800099188,0.8931454420089722,0.6380568742752075,0.3446738113651208,0.3639477052159503,0.6207683086395264,0.710321843624115,0.5895227193832397,0.631614625453949,0.7731775045394897,0.6504829525947571,0.5957155227661133,0.7380145192146301,0.8274693489074707,0.66836017370224,0.6258397102355957,0.7899124026298523,1e-05
49,0.24469566345214844,0.16184350848197937,0.0738615095615387,0.15501892978130882,0.09552970940052573,0.05196279948994295,0.8918123841285706,0.639666736125946,0.3442796402052116,0.3625297976160537,0.6251804828643799,0.7088044881820679,0.5930843353271484,0.6315976977348328,0.773087203502655,0.6490926742553711,0.5921755433082581,0.739881694316864,0.8232994675636292,0.6663471460342407,0.6224655508995056,0.7881262302398682,1e-05
50,0.24324846267700195,0.16092756390571594,0.07336203753948212,0.1548509310875366,0.09535765169716592,0.051970646230142505,0.8902708292007446,0.6334864497184753,0.343650022826086,0.3622372965765392,0.6232445240020752,0.7031735181808472,0.5809597373008728,0.6265679597854614,0.7751505970954895,0.648081362247467,0.5903685688972473,0.7355996370315552,0.824211597442627,0.6647974252700806,0.6216987371444702,0.7871906161308289,1e-05
51,0.23727673292160034,0.15534326434135437,0.07248610258102417,0.1549243335403613,0.09518591203351519,0.05218147508688827,0.9016512036323547,0.6625639200210571,0.347488586993072,0.36460727209946553,0.6550160646438599,0.7295927405357361,0.6134751439094543,0.6521716713905334,0.7837802767753601,0.6527242660522461,0.6004006862640381,0.7430034279823303,0.8294240236282349,0.6691110730171204,0.6290911436080933,0.7892319560050964,1e-05
52,0.23612353205680847,0.15459465980529785,0.07211969792842865,0.15542739095972546,0.0952601432800293,0.05243218628995454,0.9011961817741394,0.6630226969718933,0.347497542771952,0.36415795201319173,0.6531152725219727,0.7306961417198181,0.6151718497276306,0.6531074643135071,0.7823727130889893,0.6531007289886475,0.600932240486145,0.7435746192932129,0.8272087574005127,0.6693826913833618,0.6286309957504272,0.7880411744117737,1e-05
53,0.23587392270565033,0.15437157452106476,0.07206369936466217,0.15494388108378027,0.0952481907695087,0.0520215495420036,0.9002264142036438,0.662769079208374,0.3467219523105988,0.36398838145321083,0.6548905372619629,0.7321215867996216,0.6150186657905579,0.6490455865859985,0.7825022339820862,0.6527559757232666,0.6002488732337952,0.7382685542106628,0.8278602957725525,0.6692708134651184,0.6279255151748657,0.7868503928184509,1e-05
54,0.23501113057136536,0.1539803147315979,0.07162807881832123,0.1546229462125408,0.09515922383141162,0.05183769701354539,0.9011856913566589,0.6628197431564331,0.34698721000488525,0.3643192248710193,0.6536051630973816,0.7301259636878967,0.6163913011550903,0.651156485080719,0.782868504524231,0.6528652906417847,0.5999324321746826,0.740231454372406,0.8291634321212769,0.6693986654281616,0.6286309957504272,0.7873607277870178,1e-05
55,0.2342844009399414,0.15334194898605347,0.07151897251605988,0.15533712005882122,0.0951363274188184,0.052491925267586066,0.9015817046165466,0.6631373167037964,0.34715143680142213,0.364270386877524,0.6569221615791321,0.7298406958580017,0.6149638891220093,0.650822639465332,0.7832667231559753,0.653093695640564,0.6005347967147827,0.7403163313865662,0.8283815383911133,0.6695903539657593,0.6278948783874512,0.7882963418960571,1e-05
56,0.23400676250457764,0.153317391872406,0.07128295302391052,0.15464752011779528,0.09503198070312614,0.0520177343999272,0.9002960324287415,0.6623057723045349,0.34685250832171666,0.3640754193811255,0.6505171656608582,0.7310241460800171,0.6146161556243896,0.6530656218528748,0.7804726362228394,0.6529731750488281,0.600400984287262,0.7409732341766357,0.8253844380378723,0.6698300242424011,0.6279868483543396,0.7894020676612854,1e-05
57,0.23370397090911865,0.1531137228012085,0.07124102115631104,0.15418048047307711,0.09489857994798404,0.05168220556494015,0.9002907276153564,0.6638935804367065,0.34683955071251216,0.3639505572622435,0.6544541120529175,0.731626033782959,0.6138092279434204,0.6556850075721741,0.7808496952056885,0.6526723504066467,0.5999913811683655,0.7412029504776001,0.8262965679168701,0.6691110730171204,0.6272200345993042,0.788976788520813,1e-05
58,0.23322103917598724,0.15288326144218445,0.07107390463352203,0.15499198303293826,0.09498924962175426,0.0524109216101134,0.9010708928108215,0.6636479496955872,0.3471808584159506,0.36400321091085686,0.6530007719993591,0.7315306067466736,0.6137931942939758,0.6562672853469849,0.7823740839958191,0.6527459621429443,0.6006947159767151,0.7416320443153381,0.8275997042655945,0.6688873767852783,0.6282629370689392,0.7872756719589233,1e-05
59,0.23283906280994415,0.15261870622634888,0.07106973230838776,0.1549099989569009,0.09495222034739025,0.05219019070934894,0.9007870554924011,0.6636505126953125,0.3469954136455802,0.363942351085027,0.6523320078849792,0.7324119210243225,0.615069568157196,0.6547884345054626,0.7815228700637817,0.6529534459114075,0.6004642248153687,0.7410227656364441,0.8260359764099121,0.6689673066139221,0.6283242702484131,0.7882112860679626,1e-05
60,0.23249158263206482,0.15238922834396362,0.07085969299077988,0.154657198310788,0.09511755540299771,0.05213851120267341,0.9012740850448608,0.6620904207229614,0.34700515971054663,0.364460307345904,0.6517133712768555,0.7307019233703613,0.6138693690299988,0.6520770788192749,0.782096803188324,0.6527478098869324,0.6004475951194763,0.7407490611076355,0.8283815383911133,0.6691270470619202,0.6293671727180481,0.788806676864624,1e-05
61,0.23180313408374786,0.15195614099502563,0.0705806165933609,0.15413727944911415,0.09471460120446647,0.05171084214947117,0.9015227556228638,0.663417637348175,0.34710013057419603,0.36433683630114777,0.6542375087738037,0.7329216599464417,0.6144880056381226,0.652023434638977,0.7839715480804443,0.6527044177055359,0.6006553173065186,0.7394698262214661,0.8285118341445923,0.6687116622924805,0.6283242702484131,0.789146900177002,1e-05
62,0.2316841334104538,0.15182149410247803,0.07063283026218414,0.15489503507738683,0.09502509859070848,0.05219722049894618,0.9009855389595032,0.664443850517273,0.34737685080490166,0.3638767716575091,0.6548299193382263,0.7323394417762756,0.6144625544548035,0.6561434864997864,0.7807751893997192,0.6529733538627625,0.6006202697753906,0.7446460127830505,0.8246025443077087,0.669063150882721,0.6282016038894653,0.789146900177002,1e-05
63,0.2313959002494812,0.15176695585250854,0.07043759524822235,0.1546614836178609,0.09497738507256578,0.052103264563119235,0.9006788730621338,0.6638858914375305,0.34701137033493834,0.363981563879459,0.6563114523887634,0.7316049337387085,0.6155429482460022,0.6520841717720032,0.7831798791885376,0.6527239680290222,0.5998176336288452,0.740369439125061,0.8283815383911133,0.669063150882721,0.6275574564933777,0.7868503928184509,1e-05
64,0.23107923567295074,0.15144117176532745,0.07036885619163513,0.15508644449621883,0.09525878438309057,0.05231410704219519,0.9011115431785583,0.6643214225769043,0.3469484114310208,0.36449003754977843,0.6559354066848755,0.73268061876297,0.6168720126152039,0.6517975926399231,0.782846212387085,0.6526092886924744,0.6006819605827332,0.7394497990608215,0.8285118341445923,0.6687116622924805,0.6287844181060791,0.7899124026298523,1e-05
65,0.23108944296836853,0.15151742100715637,0.07034372538328171,0.15502566277091182,0.09477251679150027,0.05250746528826543,0.9009789228439331,0.6644676327705383,0.3473661855342839,0.36404927579335494,0.6551995277404785,0.7315424680709839,0.6153319478034973,0.6557965278625488,0.781882107257843,0.6528496146202087,0.6004219651222229,0.7437757849693298,0.8266875147819519,0.6689033508300781,0.6277414560317993,0.7890618443489075,1e-05
66,0.23041200637817383,0.1512402892112732,0.0701097697019577,0.1549668679041649,0.0948314100726327,0.052290712663931635,0.9006325602531433,0.6643282175064087,0.34695453590314135,0.36385725550555065,0.6543710231781006,0.7331364750862122,0.6156694889068604,0.6541360020637512,0.781825840473175,0.6529600620269775,0.5999459028244019,0.7409045100212097,0.8260359764099121,0.669063150882721,0.627802848815918,0.7879561185836792,1e-05
67,0.23047730326652527,0.15121334791183472,0.07010041177272797,0.15525656193494797,0.09501602044746058,0.05248057997938412,0.9003761410713196,0.6637378931045532,0.3468689454306472,0.3640748103379944,0.6540459990501404,0.7323395013809204,0.6158194541931152,0.6527464985847473,0.7814123630523682,0.6528064012527466,0.6006346344947815,0.7400981783866882,0.8273390531539917,0.6684240698814392,0.6285390257835388,0.7882963418960571,1.0000000000000002e-06
68,0.23039044439792633,0.15114513039588928,0.07011879980564117,0.1553134149802265,0.09496585624431496,0.052594435581965235,0.9005194902420044,0.6636484861373901,0.34697489205983445,0.3638464474929797,0.6547629833221436,0.7315764427185059,0.6157219409942627,0.6525326371192932,0.7830457091331482,0.6525558829307556,0.5999964475631714,0.7402011156082153,0.8278602957725525,0.6684560179710388,0.6274347305297852,0.7870205044746399,1.0000000000000002e-06
69,0.2303006649017334,0.15120089054107666,0.06998106837272644,0.15510618897961148,0.0949613346315142,0.052404656561452954,0.9015015363693237,0.6648886799812317,0.3470904821773345,0.3641008293676013,0.6566600799560547,0.7318416833877563,0.6164664626121521,0.6545865535736084,0.7831591367721558,0.652647078037262,0.6005973815917969,0.7403202652931213,0.8283815383911133,0.6683761477470398,0.6282629370689392,0.7877860069274902,1.0000000000000002e-06
70,0.22975614666938782,0.15087124705314636,0.0697978064417839,0.15486386018012888,0.0947949382573811,0.05236556436588515,0.900538444519043,0.6639075875282288,0.34694760294890026,0.3638087912934337,0.6540302634239197,0.7312965989112854,0.61590576171875,0.6543976664543152,0.7822004556655884,0.6525245308876038,0.6002374291419983,0.7406184077262878,0.8279905915260315,0.6678808927536011,0.6278334856033325,0.7867653369903564,1.0000000000000002e-06
71,0.22985349595546722,0.15082961320877075,0.06992298364639282,0.15502102817617244,0.09494982670937012,0.052428173707492316,0.9001455903053284,0.6632469892501831,0.3467927852364445,0.36399749404381665,0.6537275910377502,0.7316091060638428,0.6142063736915588,0.6534450054168701,0.7816272974014282,0.652687132358551,0.5996306538581848,0.7403972148895264,0.8281209468841553,0.6683761477470398,0.6275267601013184,0.7879561185836792,1.0000000000000002e-06
72,0.2300509214401245,0.15099674463272095,0.06990386545658112,0.15480400388365362,0.0948006365059027,0.05219343026627356,0.9004822373390198,0.6629179120063782,0.34672571278251413,0.36415052620442245,0.653007447719574,0.7311220169067383,0.6161131262779236,0.6514291167259216,0.7813703417778015,0.6526366472244263,0.600042462348938,0.7397562861442566,0.8289027810096741,0.6680725812911987,0.6280175447463989,0.7882112860679626,1.0000000000000002e-06
73,0.2298736572265625,0.1509380042552948,0.06981046497821808,0.155105642863174,0.09493554127750112,0.052426199526039524,0.8997852206230164,0.6626695990562439,0.3466781041917007,0.3641184444834065,0.6528042554855347,0.7320958375930786,0.6147644519805908,0.6510138511657715,0.7803406715393066,0.652661919593811,0.600180983543396,0.7402412295341492,0.8268178105354309,0.6687436103820801,0.6283242702484131,0.7890618443489075,1.0000000000000002e-06
74,0.22937440872192383,0.1506495326757431,0.06966862827539444,0.15503642085328032,0.09492658579082631,0.05236513673591969,0.9011377096176147,0.6640262007713318,0.34697206214809573,0.3640331378748729,0.6552816033363342,0.7313094735145569,0.6157791614532471,0.6537346243858337,0.7829954028129578,0.652524471282959,0.5999690294265747,0.7402876019477844,0.8283815383911133,0.6681524515151978,0.6274347305297852,0.7882963418960571,1.0000000000000002e-06
75,0.2295067012310028,0.15059113502502441,0.06983780860900879,0.1550957725119235,0.09489367624272162,0.05251861041161551,0.900280237197876,0.6631053686141968,0.34683517816773796,0.3636768321681624,0.6544180512428284,0.7321824431419373,0.6142894625663757,0.6515316367149353,0.7812880277633667,0.652637779712677,0.6000902056694031,0.7406653761863708,0.8265572190284729,0.6681205034255981,0.6270359754562378,0.7877009510993958,1.0000000000000002e-06
76,0.2292841374874115,0.15064290165901184,0.06962372362613678,0.15475446308281884,0.09476468144957699,0.05233300316022403,0.9001496434211731,0.6631309986114502,0.34679032576817814,0.36421239865728205,0.6542325615882874,0.7311410307884216,0.6151747703552246,0.6519756317138672,0.7803577184677124,0.6525870561599731,0.600104808807373,0.741273045539856,0.8275997042655945,0.6688234806060791,0.6276187896728516,0.7896572351455688,1.0000000000000002e-06
77,0.22924795746803284,0.15066879987716675,0.06948219984769821,0.15455568148129023,0.0948262966390866,0.05219840047074788,0.9009426236152649,0.6632646322250366,0.3470674423329097,0.3643666293333304,0.6553159952163696,0.7310280799865723,0.6160959601402283,0.6506185531616211,0.7837936282157898,0.6525143980979919,0.600041925907135,0.7401896119117737,0.8291634321212769,0.668663740158081,0.6276187896728516,0.7894871234893799,1.0000000000000002e-06
78,0.22900643944740295,0.15042942762374878,0.06959620118141174,0.15522060220810904,0.09496049716401456,0.05245430439488211,0.9002767205238342,0.6638432741165161,0.34685171432424067,0.36387769061990993,0.6536712646484375,0.7320500612258911,0.6163850426673889,0.6532666087150574,0.7808069586753845,0.6525202989578247,0.6002678871154785,0.7412185668945312,0.8274693489074707,0.6680246591567993,0.6277414560317993,0.7877860069274902,1.0000000000000002e-06
79,0.22857394814491272,0.15020769834518433,0.06933499127626419,0.1550374067763784,0.09483933771279321,0.052472699767173225,0.9007479548454285,0.663956344127655,0.3468255707089062,0.36407742535470505,0.6547110676765442,0.7322279214859009,0.6151588559150696,0.653727650642395,0.7818363904953003,0.6526016592979431,0.6000264883041382,0.7401400208473206,0.8285118341445923,0.668280303478241,0.627956211566925,0.7878710627555847,1.0000000000000002e-06
80,0.22829598188400269,0.1500406563282013,0.06925474852323532,0.1547977357213177,0.09480928618516495,0.0523065339718292,0.8996110558509827,0.6631126999855042,0.3466236537088675,0.36410365380073956,0.6526766419410706,0.7312964200973511,0.6159052848815918,0.6525723934173584,0.7806031107902527,0.6523759961128235,0.6000841856002808,0.7399259209632874,0.8281209468841553,0.6683441996574402,0.6275574564933777,0.788806676864624,1.0000000000000002e-06
81,0.22811715304851532,0.14992986619472504,0.06911338865756989,0.15489342363912667,0.09479281695476219,0.052432113396587654,0.9000616073608398,0.6635645031929016,0.3468239620690774,0.3638414037491824,0.6545305252075195,0.7322114706039429,0.616631269454956,0.6508848667144775,0.7807984352111816,0.6525760293006897,0.6003491878509521,0.7408680319786072,0.8269481658935547,0.6679767370223999,0.6276801228523254,0.7881262302398682,1.0000000000000002e-06
82,0.22800350189208984,0.14977878332138062,0.06923829019069672,0.15496980009683922,0.09478788867370407,0.052392572331339565,0.9000802636146545,0.6632446050643921,0.34679648246909967,0.36378270489565195,0.6544103026390076,0.7324151396751404,0.6142649054527283,0.6518880128860474,0.7807263135910034,0.6525612473487854,0.6003732085227966,0.7407110929489136,0.8265572190284729,0.668136477470398,0.6275267601013184,0.7880411744117737,1.0000000000000002e-06
83,0.22785831987857819,0.1497844159603119,0.06911346316337585,0.155038197872354,0.09482386997386591,0.052460470361940896,0.9002727270126343,0.6636949777603149,0.3468472272415756,0.3636711066689209,0.654985785484314,0.7322547435760498,0.6163286566734314,0.6512107849121094,0.7812959551811218,0.6524710059165955,0.6002544164657593,0.7407564520835876,0.8259056806564331,0.668136477470398,0.6277108192443848,0.7876158952713013,1.0000000000000002e-06
84,0.22789864242076874,0.14978188276290894,0.06909650564193726,0.1548500878374968,0.09472843148370287,0.05242288813217363,0.900361180305481,0.6639214754104614,0.3468939472439161,0.36376980029251343,0.6562648415565491,0.7328543066978455,0.6155549883842468,0.6510117650032043,0.7822814583778381,0.6526344418525696,0.6003334522247314,0.7399022579193115,0.8260359764099121,0.6684080958366394,0.6275880932807922,0.7881262302398682,1.0000000000000002e-06
85,0.2279326319694519,0.14969399571418762,0.06907939910888672,0.15504089120163847,0.09479739995145087,0.05253107628937977,0.9002526998519897,0.6634073853492737,0.34683406651001947,0.364062168945935,0.6538499593734741,0.7323858737945557,0.6149984002113342,0.6523953676223755,0.7816756963729858,0.652661919593811,0.6003596782684326,0.7399752140045166,0.8277300000190735,0.6683921217918396,0.6280788779258728,0.7882963418960571,1.0000000000000002e-06
86,0.22764155268669128,0.14951258897781372,0.0691690593957901,0.15525190854695306,0.09491625683965968,0.0526042070184181,0.9009700417518616,0.6640360355377197,0.3469714436261568,0.364175233267127,0.6562246680259705,0.7324699759483337,0.6151833534240723,0.6522661447525024,0.7830122113227844,0.6523988246917725,0.6002679467201233,0.7400925755500793,0.8289027810096741,0.6681684851646423,0.6278641819953918,0.7884664535522461,1.0000000000000002e-06
87,0.2273550033569336,0.14955416321754456,0.06891828775405884,0.15507684514593723,0.09481034505723128,0.052486027743834165,0.9007366895675659,0.6635788083076477,0.34685295210984923,0.36410017758276325,0.6540970206260681,0.7324069142341614,0.6164172887802124,0.6513940095901489,0.7818968296051025,0.6523985862731934,0.5999916791915894,0.7405365705490112,0.8282512426376343,0.6677370667457581,0.627496063709259,0.7893170118331909,1.0000000000000002e-06
88,0.22780081629753113,0.14967989921569824,0.06912791728973389,0.15473421885451275,0.09475605356604305,0.05232873119747461,0.9011053442955017,0.6636614203453064,0.34692885353485947,0.36411615170768535,0.6547377109527588,0.7325623631477356,0.6151539087295532,0.652191698551178,0.782013475894928,0.6527040600776672,0.5999454259872437,0.7407678365707397,0.8285118341445923,0.6683921217918396,0.6283242702484131,0.7877009510993958,1.0000000000000002e-06
89,0.2268555909395218,0.14910322427749634,0.0687299519777298,0.1548744962731404,0.09481413973801171,0.0523382562087543,0.9001482725143433,0.6636781096458435,0.3468065097577931,0.36408003455732735,0.6551766991615295,0.7325231432914734,0.6148702502250671,0.6521422863006592,0.7811315655708313,0.6527413129806519,0.5998982787132263,0.7406809329986572,0.8275997042655945,0.6680406332015991,0.627342700958252,0.7896572351455688,1.0000000000000002e-06
90,0.22699972987174988,0.149187833070755,0.06883911788463593,0.15513474438617478,0.09480841090874885,0.052512347420204934,0.9011228084564209,0.663368284702301,0.347103535133589,0.36434072202983236,0.6529565453529358,0.732700765132904,0.6163423657417297,0.6514735221862793,0.7832094430923462,0.6526311039924622,0.6000589728355408,0.7409287691116333,0.8290330767631531,0.6683441996574402,0.6282016038894653,0.789146900177002,1.0000000000000002e-06
91,0.22735527157783508,0.1493208110332489,0.06909796595573425,0.15486998233332563,0.0948441240992119,0.052370278692957184,0.8992355465888977,0.6629878878593445,0.3464444566170202,0.36404069916505766,0.6525355577468872,0.7317386865615845,0.6159865856170654,0.6516908407211304,0.7792742252349854,0.6522711515426636,0.6002822518348694,0.7397280335426331,0.8273390531539917,0.6679447889328003,0.6278948783874512,0.789146900177002,1.0000000000000002e-06
92,0.2269957810640335,0.14911091327667236,0.06890234351158142,0.15506864316872696,0.0947182190729611,0.05258375206100407,0.9000673890113831,0.6633327603340149,0.34677968756834815,0.3641325977055157,0.6549955010414124,0.7331348061561584,0.614158034324646,0.651042640209198,0.7808154225349426,0.6525696516036987,0.6004384160041809,0.740414023399353,0.8269481658935547,0.6680725812911987,0.6287230253219604,0.7893170118331909,1.0000000000000002e-06
93,0.22644764184951782,0.14879462122917175,0.06881871819496155,0.1547856379800768,0.09469901381143883,0.052371629583301826,0.9003952145576477,0.6626228094100952,0.3467008531552307,0.3642732984638184,0.6534132957458496,0.7321339249610901,0.6162896752357483,0.6486543416976929,0.7812792062759399,0.6524495482444763,0.6002717018127441,0.7396064400672913,0.8286421895027161,0.6681524515151978,0.6276494860649109,0.7897422909736633,1.0000000000000002e-06
94,0.22652332484722137,0.1488601565361023,0.06875047087669373,0.15503422927055785,0.09478793649086312,0.05261738020092694,0.8986843824386597,0.6631079316139221,0.34651506751163946,0.3638587694048059,0.6525436639785767,0.7328219413757324,0.6158059239387512,0.651260256767273,0.779892086982727,0.6508333086967468,0.6003422141075134,0.7410529255867004,0.8279905915260315,0.667417585849762,0.6272506713867188,0.7882112860679626,1.0000000000000002e-06
95,0.22647617757320404,0.1488763988018036,0.06873027980327606,0.15470059671953543,0.09482454174934928,0.052266855070840064,0.8993505239486694,0.6643560528755188,0.34653601376429105,0.3639543236088172,0.6556025743484497,0.7333025336265564,0.6171150207519531,0.6514040231704712,0.7799691557884216,0.6525933146476746,0.6001170873641968,0.7396085262298584,0.8272087574005127,0.6680086851119995,0.6267598867416382,0.7896572351455688,1.0000000000000002e-06
96,0.2259332686662674,0.1484760046005249,0.06851929426193237,0.15498375547910803,0.09473615662375492,0.052491864550914334,0.8987223505973816,0.6630351543426514,0.3465512712656791,0.363768733125522,0.6540483236312866,0.7311270236968994,0.6156219840049744,0.6513432264328003,0.780832052230835,0.6509876251220703,0.6001607775688171,0.740429699420929,0.8274693489074707,0.6677051186561584,0.6271893382072449,0.7877860069274902,1.0000000000000002e-06
97,0.22629529237747192,0.1488802582025528,0.06850825250148773,0.15502959389739962,0.09474861221526985,0.052631672026950925,0.8988943099975586,0.6620005369186401,0.3468722481804084,0.36382306792149394,0.6511384844779968,0.7316896319389343,0.6147648692131042,0.6504091620445251,0.7804532647132874,0.6508263349533081,0.6003136038780212,0.743384838104248,0.8252540826797485,0.6675134301185608,0.6276494860649109,0.7901675701141357,1.0000000000000002e-06
98,0.2258625030517578,0.14849624037742615,0.06854153424501419,0.15491227138398297,0.0948115072366017,0.052471046739104965,0.9006387591362,0.662786066532135,0.34679523485486746,0.3641789851766994,0.651951789855957,0.7326279878616333,0.6153745651245117,0.6511898040771484,0.781039297580719,0.6523897051811218,0.5999177694320679,0.7410150766372681,0.8287724852561951,0.6679927110671997,0.6274347305297852,0.7892319560050964,1.0000000000000002e-06
99,0.22610707581043243,0.14853957295417786,0.06855745613574982,0.15478761827767784,0.09481346106796122,0.05225928744940615,0.9000735878944397,0.6634212136268616,0.3468571755874836,0.36413454080471075,0.6532754302024841,0.7322812080383301,0.6157815456390381,0.6523465514183044,0.780498206615448,0.652450680732727,0.5996609330177307,0.7422475814819336,0.8279905915260315,0.6680885553359985,0.6276801228523254,0.7893170118331909,1.0000000000000002e-06
100,0.22567808628082275,0.1483650803565979,0.06855632364749908,0.15475628758544352,0.09480126368910519,0.052373472879182044,0.8998006582260132,0.6632491946220398,0.3466886079246929,0.36406961120170506,0.6555802822113037,0.7329141497612,0.615746021270752,0.6487562656402588,0.7809878587722778,0.6523475646972656,0.6000522375106812,0.7401211261749268,0.8269481658935547,0.6678489446640015,0.6280175447463989,0.7897422909736633,1.0000000000000002e-06
101,0.2258143424987793,0.14851653575897217,0.06845791637897491,0.1551065051288747,0.09488147241410924,0.05248212069272995,0.8989679217338562,0.6630553007125854,0.3464146439067479,0.36401898009976735,0.6536074876785278,0.7317080497741699,0.616140604019165,0.650765061378479,0.78059983253479,0.6507263779640198,0.5998849868774414,0.740105926990509,0.8283815383911133,0.6674814820289612,0.6273120641708374,0.788976788520813,1.0000000000000002e-06
102,0.22547441720962524,0.14829367399215698,0.06838929653167725,0.15502892378995667,0.0947940827750448,0.052481007164538795,0.9007338285446167,0.6622917652130127,0.34678772479573333,0.3641173131104521,0.6527681350708008,0.7312871217727661,0.6157839894294739,0.6493277549743652,0.7816473245620728,0.6523470878601074,0.6003982424736023,0.7399091124534607,0.8282512426376343,0.6679927110671997,0.627802848815918,0.7888917326927185,1.0000000000000002e-06
103,0.22538894414901733,0.14833538234233856,0.06828851997852325,0.15463458735551408,0.09479582231881013,0.052172337394596924,0.9008972644805908,0.6629593372344971,0.3468565211469113,0.36416917960553324,0.6549690961837769,0.732617974281311,0.6147351264953613,0.6495151519775391,0.7824541330337524,0.6526489853858948,0.5998773574829102,0.7398717403411865,0.8282512426376343,0.6681524515151978,0.627802848815918,0.789146900177002,1.0000000000000002e-06
104,0.22547614574432373,0.14814594388008118,0.06847549229860306,0.15493272711981587,0.09474717469802543,0.05251079336253565,0.898129940032959,0.6614975929260254,0.3463043801904276,0.36358646530578315,0.6515712738037109,0.7300823926925659,0.6133397221565247,0.6509969234466553,0.7796832919120789,0.6508834958076477,0.5995824933052063,0.7402858138084412,0.8269481658935547,0.667497456073761,0.6265451908111572,0.7877009510993958,1.0000000000000002e-06
105,0.22508203983306885,0.14810700714588165,0.06823175400495529,0.1550442954497551,0.09478595152274887,0.0525394818231241,0.8994171023368835,0.6627084016799927,0.34653031688156,0.36351718005197775,0.6539673209190369,0.7317647337913513,0.6145780086517334,0.6505236625671387,0.781006932258606,0.6523366570472717,0.599663257598877,0.7392356991767883,0.8255147337913513,0.6676891446113586,0.6266372203826904,0.7882963418960571,1.0000000000000002e-06
106,0.22505143284797668,0.1478956639766693,0.06830105185508728,0.15487273715770067,0.09474527635681096,0.05235828637187161,0.8987389206886292,0.6635534763336182,0.34651694169501146,0.36350410773846903,0.6540060043334961,0.7317947745323181,0.6159952878952026,0.652417778968811,0.7800602912902832,0.650786817073822,0.600320041179657,0.7409684062004089,0.8252540826797485,0.6673376560211182,0.6269746422767639,0.7884664535522461,1.0000000000000002e-06
107,0.2248377501964569,0.14794385433197021,0.06817413866519928,0.1552544668761652,0.09487860182772821,0.05269232959444843,0.899986207485199,0.6640388369560242,0.34670658698928813,0.36400148954212574,0.655406653881073,0.7324257493019104,0.6171925067901611,0.6511304378509521,0.781075656414032,0.6523706912994385,0.6000957489013672,0.7401105761528015,0.8275997042655945,0.6680885553359985,0.6277721524238586,0.7885515093803406,1.0000000000000002e-06
108,0.2249980866909027,0.14798343181610107,0.0681161880493164,0.1550050136535915,0.0948092655014636,0.052569758591812045,0.8987686634063721,0.663164496421814,0.34651623309172586,0.36363498157791235,0.6548752784729004,0.732081413269043,0.6149283051490784,0.6507729291915894,0.7810733914375305,0.650964617729187,0.5999339818954468,0.7401578426361084,0.8257753252983093,0.6676891446113586,0.6274040937423706,0.7882112860679626,1.0000000000000002e-06
109,0.2247970998287201,0.14792956411838531,0.06811495125293732,0.15519215767063313,0.09475698344298263,0.05262383012406861,0.8990846276283264,0.6635594367980957,0.3466501835375597,0.363589801773996,0.654425323009491,0.7319365739822388,0.6155640482902527,0.6523118615150452,0.7814812064170837,0.6508390307426453,0.5997248888015747,0.741156280040741,0.8268178105354309,0.667273759841919,0.6263304948806763,0.7882963418960571,1.0000000000000002e-06
110,0.22475075721740723,0.14782005548477173,0.06813106685876846,0.15508902506597005,0.09478493657574724,0.05266726217163143,0.8984165191650391,0.6639963984489441,0.3463786101485811,0.3634452622376132,0.6570409536361694,0.732448935508728,0.6156007051467896,0.6508949995040894,0.780089259147644,0.6508482098579407,0.5995859503746033,0.7405054569244385,0.8252540826797485,0.6677690148353577,0.6266679167747498,0.7878710627555847,1.0000000000000002e-06
111,0.22467947006225586,0.14771679043769836,0.06814125180244446,0.1550898408489441,0.09472768409038658,0.05271741341966302,0.9001907706260681,0.6633162498474121,0.3467756606199042,0.3640836579422525,0.6556211113929749,0.73267662525177,0.6142404675483704,0.6507267355918884,0.7809714674949646,0.6527001261711121,0.6003326773643494,0.740200936794281,0.8279905915260315,0.6682643294334412,0.6270973086357117,0.7893170118331909,1.0000000000000002e-06
112,0.2243841290473938,0.1476067751646042,0.06805340945720673,0.15519885529777896,0.09495709591837072,0.05240126031993041,0.8997647762298584,0.6626564264297485,0.34642773192725074,0.3637208177801044,0.652851939201355,0.7317202687263489,0.6149003505706787,0.6511530876159668,0.7813828587532043,0.652250349521637,0.5995175838470459,0.7382710576057434,0.8286421895027161,0.6679128408432007,0.6263611316680908,0.7868503928184509,1.0000000000000002e-06
113,0.22461101412773132,0.1478092074394226,0.06799324601888657,0.1552244869630728,0.09486297206647361,0.05256596240979522,0.8992260694503784,0.6623231172561646,0.3464429163232641,0.3639540896824846,0.6549605131149292,0.7328276634216309,0.613644540309906,0.6478597521781921,0.780127763748169,0.6524646282196045,0.5994309186935425,0.7395200729370117,0.8275997042655945,0.6682643294334412,0.6275574564933777,0.7882112860679626,1.0000000000000002e-06
114,0.22410282492637634,0.14744359254837036,0.06779292970895767,0.15511828271755532,0.09474701556696821,0.05267022527865509,0.8997955918312073,0.6630253195762634,0.34667119487730014,0.3632070255859378,0.65367192029953,0.7331794500350952,0.615269660949707,0.6499803066253662,0.7810673713684082,0.6525043249130249,0.5994850397109985,0.7403127551078796,0.824081301689148,0.6678808927536011,0.6259930729866028,0.7877009510993958,1.0000000000000002e-06
115,0.22399422526359558,0.1472914069890976,0.06786947697401047,0.15512382928560028,0.09480703833387859,0.05254329813282881,0.9002299904823303,0.6629161834716797,0.3466482679589826,0.3639580237394285,0.6522434949874878,0.7328797578811646,0.6146801114082336,0.6518614292144775,0.7813525795936584,0.6524097919464111,0.5998297929763794,0.7395939230918884,0.8282512426376343,0.6677850484848022,0.6268212795257568,0.788806676864624,1.0000000000000002e-06
116,0.22356319427490234,0.14705345034599304,0.06780259311199188,0.15493397603728878,0.09469561078655186,0.05255560182146172,0.8994623422622681,0.6631569266319275,0.34653954683262594,0.36359405479154966,0.6540948152542114,0.732386589050293,0.6153976917266846,0.6507485508918762,0.7805103659629822,0.6522440314292908,0.5996667742729187,0.7398951649665833,0.8260359764099121,0.6679767370223999,0.6266985535621643,0.7880411744117737,1.0000000000000002e-06
117,0.22381216287612915,0.1472400724887848,0.0678631141781807,0.15507153677406596,0.09482381793100443,0.052516824440724814,0.9000161290168762,0.6633467078208923,0.34674517556941514,0.36369723247786784,0.6546724438667297,0.7320404052734375,0.6157282590866089,0.6509458422660828,0.7815877795219421,0.6526055335998535,0.5998392701148987,0.7399288415908813,0.8265572190284729,0.6679128408432007,0.6270666718482971,0.7880411744117737,1.0000000000000002e-06
118,0.22367772459983826,0.14732590317726135,0.06771363317966461,0.1550133201613355,0.09472460644458656,0.05254221529658161,0.8983404040336609,0.6626481413841248,0.34635117775221935,0.3635401071821493,0.6534823775291443,0.7317114472389221,0.6148178577423096,0.6505808234214783,0.7797479033470154,0.6508054733276367,0.5998532772064209,0.7404027581214905,0.8265572190284729,0.6675453782081604,0.6261771321296692,0.7880411744117737,1.0000000000000002e-06
119,0.22328755259513855,0.14708122611045837,0.06751134991645813,0.15505944993068924,0.09486569775574243,0.05243999933573737,0.8999348282814026,0.6614566445350647,0.3464664072827557,0.36402816409192096,0.6513491272926331,0.7313774228096008,0.6158981323242188,0.6472018361091614,0.7801408767700195,0.6524054408073425,0.5999968647956848,0.7391880750656128,0.8279905915260315,0.6678329706192017,0.6276801228523254,0.7887216210365295,1.0000000000000002e-06
120,0.22338393330574036,0.147047221660614,0.06755834817886353,0.1548907167431134,0.09472750794531694,0.05234400961381286,0.899863600730896,0.6624490022659302,0.34668869824676,0.3638626478290261,0.6508448719978333,0.7325336337089539,0.6155121922492981,0.6509053111076355,0.7811875939369202,0.6523534655570984,0.5995049476623535,0.7404636144638062,0.8274693489074707,0.6677690148353577,0.6272813677787781,0.7883813977241516,1.0000000000000002e-06
121,0.22354456782341003,0.14716073870658875,0.06764471530914307,0.15510861620084562,0.09472433433159073,0.05260111841915259,0.8984143137931824,0.6624799966812134,0.3463819178656608,0.36359558330741665,0.6511167287826538,0.7319678664207458,0.6153138875961304,0.651521623134613,0.7802776098251343,0.6507746577262878,0.5995720028877258,0.7404311299324036,0.8256450295448303,0.6677370667457581,0.6265758872032166,0.788806676864624,1.0000000000000002e-06
122,0.22320911288261414,0.14695113897323608,0.06754569709300995,0.15488899743823864,0.09465858540428218,0.05249752482371544,0.8984272480010986,0.6634863615036011,0.3463959300342495,0.3637645977055223,0.6553317308425903,0.7321348786354065,0.6158084273338318,0.6506704092025757,0.7807294726371765,0.6508491039276123,0.5997486114501953,0.7398402690887451,0.8269481658935547,0.6676731705665588,0.6269439458847046,0.7885515093803406,1.0000000000000002e-06
123,0.2234010249376297,0.14696437120437622,0.06772680580615997,0.15478758135838294,0.09481090151551944,0.05226128476101961,0.8993460536003113,0.663221001625061,0.3464976978401498,0.36358572469235584,0.6543887257575989,0.7322373986244202,0.6154433488845825,0.6508144736289978,0.7804160118103027,0.6522288918495178,0.599601686000824,0.739734947681427,0.8262965679168701,0.6676731705665588,0.6267598867416382,0.7879561185836792,1.0000000000000002e-06
124,0.22289496660232544,0.1467633843421936,0.06746216118335724,0.15506470514767207,0.09484507477105554,0.05252040989363371,0.8983097076416016,0.6629692912101746,0.346405068882614,0.36370716087800514,0.6537390351295471,0.7321769595146179,0.6158236265182495,0.6501376628875732,0.7818440794944763,0.6505398154258728,0.5993310809135437,0.739525556564331,0.8275997042655945,0.6672258377075195,0.6267905831336975,0.7880411744117737,1.0000000000000002e-06
125,0.22291670739650726,0.14669987559318542,0.06753142178058624,0.15493198873391792,0.09476999004385364,0.05261278124665147,0.8978280425071716,0.6628124713897705,0.34613457991835284,0.36359266734005313,0.6528239846229553,0.7323254942893982,0.6153117418289185,0.6507886052131653,0.7791565656661987,0.6507395505905151,0.5998497605323792,0.7393307089805603,0.8265572190284729,0.6673216819763184,0.6268212795257568,0.7880411744117737,1.0000000000000002e-06
126,0.22288382053375244,0.1467878222465515,0.06740798056125641,0.1548124437234295,0.09470983261047904,0.05235572687503117,0.8989782929420471,0.6618760228157043,0.346334344000385,0.3638702045793444,0.6508764624595642,0.7315077781677246,0.6158435940742493,0.6492762565612793,0.779635488986969,0.6523275375366211,0.5999592542648315,0.7387524843215942,0.8265572190284729,0.668136477470398,0.6270359754562378,0.7892319560050964,1.0000000000000002e-06
127,0.22255635261535645,0.14669182896614075,0.06730108708143234,0.1547405797598967,0.09467346076645068,0.05233039317735985,0.8981409072875977,0.6615114808082581,0.34628627378979926,0.36368632999454653,0.6529750227928162,0.7313019633293152,0.6142440438270569,0.6475247740745544,0.7811668515205383,0.6506336331367493,0.599609911441803,0.7388798594474792,0.8268178105354309,0.6675134301185608,0.6273733973503113,0.7877860069274902,1.0000000000000002e-06
128,0.22255587577819824,0.146530419588089,0.06740611046552658,0.1550684678020762,0.0947353068127561,0.05276322626133463,0.8997577428817749,0.6628216505050659,0.3465689827026719,0.36338503676549405,0.6522139310836792,0.7324134111404419,0.6154220104217529,0.6512371897697449,0.7799975872039795,0.652559220790863,0.5994856357574463,0.7405094504356384,0.8256450295448303,0.6677370667457581,0.6264225244522095,0.7872756719589233,1.0000000000000002e-06
129,0.22262145578861237,0.14647600054740906,0.06745365262031555,0.15530261831052267,0.09475639317907504,0.05272580054936124,0.8990999460220337,0.6621986031532288,0.34641097869795756,0.3636663929348363,0.6526541113853455,0.7318522930145264,0.6156880855560303,0.6486000418663025,0.7797929048538208,0.6521949768066406,0.5997225642204285,0.7395773530006409,0.8260359764099121,0.6677690148353577,0.6269746422767639,0.7885515093803406,1.0000000000000002e-06
130,0.22240900993347168,0.14640119671821594,0.06735923886299133,0.1545823645680698,0.09468667731801075,0.05207303405475261,0.8990781903266907,0.6622356176376343,0.3463394232058222,0.36356931222879896,0.6531291007995605,0.7317380309104919,0.6150038838386536,0.649071455001831,0.7795203328132629,0.6524034738540649,0.5992596745491028,0.7395318746566772,0.8248631954193115,0.6679128408432007,0.6273120641708374,0.7884664535522461,1.0000000000000002e-06
131,0.22247469425201416,0.14649707078933716,0.06736741960048676,0.15486259024534652,0.09470128345845351,0.05249117665104012,0.8981059789657593,0.6610782146453857,0.3462523075559656,0.3636458031694534,0.6496996879577637,0.7308024168014526,0.6155290007591248,0.6482816934585571,0.7791042327880859,0.6506177186965942,0.6000146865844727,0.7402818202972412,0.8264269232749939,0.66757732629776,0.6270359754562378,0.7881262302398682,1.0000000000000002e-06
132,0.22228467464447021,0.14634937047958374,0.06733532249927521,0.15487793921979506,0.09476271738756949,0.05245600184842722,0.8979530930519104,0.6617733836174011,0.3461948335965831,0.36340430989825695,0.6498982906341553,0.731304407119751,0.6159112453460693,0.6499795317649841,0.7795067429542542,0.6505613327026367,0.5998396873474121,0.7396509051322937,0.8248631954193115,0.6672258377075195,0.6271893382072449,0.7879561185836792,1.0000000000000002e-06
133,0.22184813022613525,0.14598535001277924,0.06723673641681671,0.15491254305216803,0.09470401826634336,0.05248803350685248,0.8991426825523376,0.6625964045524597,0.3463943858931252,0.36356615653030283,0.6539713144302368,0.7324779033660889,0.6153949499130249,0.6485415101051331,0.7806563973426819,0.652340829372406,0.5994684100151062,0.7386894226074219,0.8262965679168701,0.6681524515151978,0.6269746422767639,0.7871055603027344,1.0000000000000002e-06
134,0.22201557457447052,0.14618991315364838,0.06718701869249344,0.1548843519456351,0.09467292955117439,0.052444701819722335,0.8988534808158875,0.6627514958381653,0.34653073717982963,0.36314047765819085,0.6537236571311951,0.730791449546814,0.613846480846405,0.6526443362236023,0.7805209755897522,0.6507920026779175,0.5997403860092163,0.7411925196647644,0.8234297633171082,0.6675134301185608,0.6260544061660767,0.7881262302398682,1.0000000000000002e-06
135,0.2215375453233719,0.14592713117599487,0.06702731549739838,0.1549317628812434,0.09475606557593416,0.052575276302757545,0.8994978070259094,0.6618892550468445,0.34650973089999465,0.36319744951036176,0.6495457291603088,0.7322707176208496,0.614932656288147,0.650807797908783,0.7797943949699402,0.6524208188056946,0.5996735692024231,0.7401890754699707,0.824211597442627,0.6678329706192017,0.6265144944190979,0.7870205044746399,1.0000000000000002e-06
136,0.22203674912452698,0.1460217833518982,0.06733664870262146,0.1548222179955511,0.09472668493416772,0.0523841811983443,0.8977400064468384,0.6612085700035095,0.3460941170849818,0.3632907836548067,0.6511123180389404,0.7306961417198181,0.6145186424255371,0.6485072374343872,0.7802184224128723,0.65054851770401,0.5994551181793213,0.7385308742523193,0.8246025443077087,0.6675933003425598,0.6265144944190979,0.7876158952713013,1.0000000000000002e-06
137,0.22123581171035767,0.14576435089111328,0.06686811149120331,0.15468914106265821,0.09460778723456967,0.0522753343319715,0.8980857729911804,0.6611286401748657,0.3460978743719666,0.36327843683162,0.6510206460952759,0.7308938503265381,0.6142812371253967,0.6483187675476074,0.7807557582855225,0.6506788730621338,0.5990399122238159,0.7383084297180176,0.8264269232749939,0.6676891446113586,0.6256863474845886,0.7864251136779785,1.0000000000000002e-06
138,0.22115075588226318,0.14569127559661865,0.06688894331455231,0.15472168953561072,0.09464449824681923,0.05229586635285349,0.896717369556427,0.6599940061569214,0.34571480725952913,0.3633680348849901,0.6472993493080139,0.7313648462295532,0.6153973937034607,0.6459144949913025,0.7781741619110107,0.6504798531532288,0.5993322134017944,0.7377321720123291,0.8252540826797485,0.667801022529602,0.6266985535621643,0.7871906161308289,1.0000000000000002e-06
139,0.22097447514533997,0.1456221342086792,0.06680449098348618,0.1548322183427526,0.0947114856385473,0.052449779112392396,0.8982563018798828,0.6617163419723511,0.3462834191997486,0.36329364485292465,0.6525524854660034,0.7314984798431396,0.6153008937835693,0.6475136280059814,0.7801439166069031,0.6509919762611389,0.5992215871810913,0.7399098873138428,0.8255147337913513,0.6677051186561584,0.6260237693786621,0.7871055603027344,1.0000000000000002e-06
140,0.22162064909934998,0.1459927260875702,0.06704271584749222,0.15467516477428264,0.0947087962013572,0.05237235073278199,0.8987741470336914,0.6601843237876892,0.34625744665839797,0.36318828571393336,0.6473492980003357,0.7317362427711487,0.6136001944541931,0.6480516195297241,0.7795718312263489,0.6522721648216248,0.599360466003418,0.7388550639152527,0.823951005935669,0.6680885553359985,0.6263611316680908,0.7871055603027344,1.0000000000000002e-06
141,0.22118769586086273,0.14563018083572388,0.06698743999004364,0.15502436648109066,0.09476265289000611,0.05255648060076272,0.899517297744751,0.6614013314247131,0.3465122321058872,0.36325788497773814,0.6510112285614014,0.7311713695526123,0.6144057512283325,0.6490169167518616,0.7809680104255676,0.6524282097816467,0.5991744995117188,0.7395271062850952,0.8248631954193115,0.6678489446640015,0.6263304948806763,0.7870205044746399,1.0000000000000002e-06
142,0.22114865481853485,0.14564503729343414,0.06695781648159027,0.154955134240549,0.09466943745292834,0.05251273813087549,0.8979233503341675,0.6608036160469055,0.34601564924806893,0.36310292990982074,0.6474764943122864,0.7314116954803467,0.615313708782196,0.649012565612793,0.7795038819313049,0.6507821679115295,0.5994979739189148,0.7383411526679993,0.8246025443077087,0.6673216819763184,0.6267292499542236,0.7861699461936951,1.0000000000000002e-06
143,0.22135484218597412,0.14570683240890503,0.06704816222190857,0.15463617521880277,0.09477285640453224,0.05230437914159761,0.898104727268219,0.66046541929245,0.34622189903551054,0.36320111339561684,0.648876428604126,0.7302746772766113,0.6148525476455688,0.6478580832481384,0.7803929448127747,0.6508082747459412,0.5994746088981628,0.7390994429588318,0.8249934911727905,0.667353630065918,0.6259010434150696,0.7873607277870178,1.0000000000000002e-06
144,0.22073569893836975,0.14547471702098846,0.06665609031915665,0.1545949216876457,0.09461826597576711,0.052330177277326584,0.8976486921310425,0.6603666543960571,0.3460817033431407,0.36334501536256214,0.6476831436157227,0.7309268116950989,0.6146383881568909,0.6482182145118713,0.7802915573120117,0.6506471037864685,0.5988447070121765,0.7388702630996704,0.8262965679168701,0.6677051186561584,0.6259930729866028,0.7867653369903564,1.0000000000000002e-06
145,0.22077468037605286,0.14541473984718323,0.06672800332307816,0.15485799534996944,0.09467857008549704,0.05261935738485251,0.898271381855011,0.6607042551040649,0.3463002775639265,0.36295717701953856,0.6494659185409546,0.7298015356063843,0.615018904209137,0.6485307216644287,0.7803599834442139,0.6506074666976929,0.5993843674659729,0.7400504350662231,0.824211597442627,0.6672897338867188,0.6259010434150696,0.7862550020217896,1.0000000000000002e-06
146,0.2212274968624115,0.14576441049575806,0.06691624224185944,0.15481575333805225,0.09470359135919543,0.052442757718598666,0.8977851867675781,0.660541832447052,0.3461394238302642,0.3632479661270395,0.650053858757019,0.7294649481773376,0.6147874593734741,0.6478610038757324,0.7804785370826721,0.6505678296089172,0.5991540551185608,0.738914966583252,0.8251237869262695,0.6677850484848022,0.6260544061660767,0.7870205044746399,1.0000000000000002e-06
147,0.22046583890914917,0.1453244835138321,0.06666897237300873,0.15492280094481226,0.09465552577331884,0.052544336877207255,0.8977838754653931,0.6598089337348938,0.34613215250953777,0.3635210529524492,0.6470098495483398,0.730167031288147,0.6144831776618958,0.6475756764411926,0.7805083394050598,0.6506175994873047,0.5993476510047913,0.7385836243629456,0.8270784616470337,0.6674016118049622,0.6266679167747498,0.7870205044746399,1.0000000000000002e-06
148,0.22046074271202087,0.14515291154384613,0.06676488369703293,0.15513439154002204,0.09470658804943312,0.052582217408205144,0.8978140950202942,0.6616104245185852,0.34593935120572966,0.3631598481392674,0.6501524448394775,0.7308499813079834,0.615517258644104,0.6499220132827759,0.7796015739440918,0.6505616307258606,0.5995140075683594,0.7378376126289368,0.824081301689148,0.6675453782081604,0.6273120641708374,0.786340057849884,1.0000000000000002e-06
149,0.22050069272518158,0.1452929973602295,0.06672687828540802,0.15472941334123042,0.09469296994493968,0.05237785565541751,0.8976732492446899,0.6598880290985107,0.3459212924086097,0.3628733553142479,0.648109495639801,0.7284083366394043,0.6144532561302185,0.6485810279846191,0.7802424430847168,0.650431752204895,0.5994011163711548,0.7372950315475464,0.823951005935669,0.6669062972068787,0.6262997984886169,0.7858297228813171,1.0000000000000002e-06
150,0.22037500143051147,0.14517584443092346,0.06666695326566696,0.1549181414406691,0.0945825616815197,0.05262696398283118,0.8986505270004272,0.6605271697044373,0.3462116858239678,0.3635094332764409,0.6486296653747559,0.7309525609016418,0.6140335202217102,0.6484929323196411,0.7802272439002991,0.6520347595214844,0.5991238951683044,0.7383075952529907,0.8265572190284729,0.6675453782081604,0.6259317398071289,0.7880411744117737,1.0000000000000002e-06
